Timestamp,URL,StatusCode,TempoDeResposta
2024-03-28T18:19:24.989Z,http://localhost:3000/login,200,64286
2024-03-28T18:19:25.080Z,http://localhost:3000/login,200,64249
2024-03-28T18:19:25.081Z,http://localhost:3000/login,200,64262
2024-03-28T18:19:25.082Z,http://localhost:3000/login,200,64283
2024-03-28T18:19:25.085Z,http://localhost:3000/login,200,64325
2024-03-28T18:19:25.084Z,http://localhost:3000/login,200,64335
2024-03-28T18:19:25.084Z,http://localhost:3000/login,200,64344
2024-03-28T18:19:25.087Z,http://localhost:3000/login,200,64345
2024-03-28T18:19:25.086Z,http://localhost:3000/login,200,64407
2024-03-28T18:19:25.089Z,http://localhost:3000/login,200,64434
2024-03-28T18:19:25.090Z,http://localhost:3000/login,200,64454
2024-03-28T18:19:25.091Z,http://localhost:3000/login,200,64473
2024-03-28T18:19:25.092Z,http://localhost:3000/login,200,64481
2024-03-28T18:19:25.093Z,http://localhost:3000/login,200,64533
2024-03-28T18:19:25.094Z,http://localhost:3000/login,200,64563
2024-03-28T18:19:25.095Z,http://localhost:3000/login,200,64581
2024-03-28T18:19:25.095Z,http://localhost:3000/login,200,64614
2024-03-28T18:19:25.096Z,http://localhost:3000/login,200,64616
2024-03-28T18:19:25.096Z,http://localhost:3000/login,200,64676
2024-03-28T18:19:25.097Z,http://localhost:3000/login,200,64687
2024-03-28T18:19:25.098Z,http://localhost:3000/login,200,64712
2024-03-28T18:19:25.098Z,http://localhost:3000/login,200,64756
2024-03-28T18:19:25.099Z,http://localhost:3000/login,200,64763
2024-03-28T18:19:25.100Z,http://localhost:3000/login,200,64814
2024-03-28T18:19:25.101Z,http://localhost:3000/login,200,64826
2024-03-28T18:19:25.101Z,http://localhost:3000/login,200,64843
2024-03-28T18:19:25.102Z,http://localhost:3000/login,200,64906
2024-03-28T18:19:25.102Z,http://localhost:3000/login,200,64909
2024-03-28T18:19:25.102Z,http://localhost:3000/login,200,64953
2024-03-28T18:19:25.104Z,http://localhost:3000/login,200,64957
2024-03-28T18:19:25.103Z,http://localhost:3000/login,200,64973
2024-03-28T18:19:25.104Z,http://localhost:3000/login,200,65042
2024-03-28T18:19:25.105Z,http://localhost:3000/login,200,65045
2024-03-28T18:19:25.105Z,http://localhost:3000/login,200,65085
2024-03-28T18:19:25.106Z,http://localhost:3000/login,200,65087
2024-03-28T18:19:25.106Z,http://localhost:3000/login,200,65104
2024-03-28T18:19:25.106Z,http://localhost:3000/login,200,65183
2024-03-28T18:19:25.107Z,http://localhost:3000/login,200,65184
2024-03-28T18:19:25.107Z,http://localhost:3000/login,200,65218
2024-03-28T18:19:25.107Z,http://localhost:3000/login,200,65222
2024-03-28T18:19:25.108Z,http://localhost:3000/login,200,65238
2024-03-28T18:19:25.107Z,http://localhost:3000/login,200,65319
2024-03-28T18:19:25.108Z,http://localhost:3000/login,200,65322
2024-03-28T18:19:25.108Z,http://localhost:3000/login,200,65350
2024-03-28T18:19:25.109Z,http://localhost:3000/login,200,65361
2024-03-28T18:19:25.109Z,http://localhost:3000/login,200,65368
2024-03-28T18:19:25.110Z,http://localhost:3000/login,200,65460
2024-03-28T18:19:25.112Z,http://localhost:3000/login,200,65462
2024-03-28T18:19:25.112Z,http://localhost:3000/login,200,65479
2024-03-28T18:19:25.111Z,http://localhost:3000/login,200,65493
2024-03-28T18:19:25.111Z,http://localhost:3000/login,200,65499
2024-03-28T18:19:25.113Z,http://localhost:3000/login,200,65594
2024-03-28T18:19:25.114Z,http://localhost:3000/login,200,65615
2024-03-28T18:19:25.115Z,http://localhost:3000/login,200,65618
2024-03-28T18:19:25.115Z,http://localhost:3000/login,200,65633
2024-03-28T18:19:25.115Z,http://localhost:3000/login,200,65639
2024-03-28T18:19:25.117Z,http://localhost:3000/login,200,65728
2024-03-28T18:19:25.118Z,http://localhost:3000/login,200,65746
2024-03-28T18:19:25.118Z,http://localhost:3000/login,200,65750
2024-03-28T18:19:25.118Z,http://localhost:3000/login,200,65758
2024-03-28T18:19:25.119Z,http://localhost:3000/login,200,65774
2024-03-28T18:19:25.119Z,http://localhost:3000/login,200,65869
2024-03-28T18:19:25.119Z,http://localhost:3000/login,200,65883
2024-03-28T18:19:25.120Z,http://localhost:3000/login,200,65886
2024-03-28T18:19:25.120Z,http://localhost:3000/login,200,65890
2024-03-28T18:19:25.120Z,http://localhost:3000/login,200,65914
2024-03-28T18:19:25.121Z,http://localhost:3000/login,200,66013
2024-03-28T18:19:25.121Z,http://localhost:3000/login,200,66017
2024-03-28T18:19:25.122Z,http://localhost:3000/login,200,66021
2024-03-28T18:19:25.121Z,http://localhost:3000/login,200,66026
2024-03-28T18:19:25.122Z,http://localhost:3000/login,200,66050
2024-03-28T18:19:25.123Z,http://localhost:3000/login,200,66152
2024-03-28T18:19:25.122Z,http://localhost:3000/login,200,66155
2024-03-28T18:19:25.122Z,http://localhost:3000/login,200,66168
2024-03-28T18:19:25.123Z,http://localhost:3000/login,200,66171
2024-03-28T18:19:25.123Z,http://localhost:3000/login,200,66184
2024-03-28T18:19:25.124Z,http://localhost:3000/login,200,66283
2024-03-28T18:19:25.124Z,http://localhost:3000/login,200,66286
2024-03-28T18:19:25.124Z,http://localhost:3000/login,200,66316
2024-03-28T18:19:25.124Z,http://localhost:3000/login,200,66319
2024-03-28T18:19:25.125Z,http://localhost:3000/login,200,66323
2024-03-28T18:19:25.125Z,http://localhost:3000/login,200,66414
2024-03-28T18:19:25.126Z,http://localhost:3000/login,200,66419
2024-03-28T18:19:25.126Z,http://localhost:3000/login,200,66452
2024-03-28T18:19:25.127Z,http://localhost:3000/login,200,66456
2024-03-28T18:19:25.128Z,http://localhost:3000/login,200,66463
2024-03-28T18:19:25.128Z,http://localhost:3000/login,200,66542
2024-03-28T18:19:25.127Z,http://localhost:3000/login,200,66546
2024-03-28T18:19:25.128Z,http://localhost:3000/login,200,66593
2024-03-28T18:19:25.129Z,http://localhost:3000/login,200,66596
2024-03-28T18:19:25.129Z,http://localhost:3000/login,200,66600
2024-03-28T18:19:25.129Z,http://localhost:3000/login,200,66680
2024-03-28T18:19:25.129Z,http://localhost:3000/login,200,66683
2024-03-28T18:19:25.130Z,http://localhost:3000/login,200,66737
2024-03-28T18:19:25.130Z,http://localhost:3000/login,200,66743
2024-03-28T18:19:25.130Z,http://localhost:3000/login,200,66754
2024-03-28T18:19:25.130Z,http://localhost:3000/login,200,66818
2024-03-28T18:19:25.131Z,http://localhost:3000/login,200,66826
2024-03-28T18:19:25.131Z,http://localhost:3000/login,200,66876
2024-03-28T18:19:25.131Z,http://localhost:3000/login,200,66878
2024-03-28T18:19:25.132Z,http://localhost:3000/login,200,66894
2024-03-28T18:19:25.132Z,http://localhost:3000/login,200,66956
2024-03-28T18:19:25.132Z,http://localhost:3000/login,200,66959
2024-03-28T18:19:25.133Z,http://localhost:3000/login,200,67022
2024-03-28T18:19:25.133Z,http://localhost:3000/login,200,67025
2024-03-28T18:19:25.133Z,http://localhost:3000/login,200,67029
2024-03-28T18:19:25.134Z,http://localhost:3000/login,200,67089
2024-03-28T18:19:25.135Z,http://localhost:3000/login,200,67125
2024-03-28T18:19:25.134Z,http://localhost:3000/login,200,67163
2024-03-28T18:19:25.136Z,http://localhost:3000/login,200,67167
2024-03-28T18:19:25.135Z,http://localhost:3000/login,200,67174
2024-03-28T18:19:25.136Z,http://localhost:3000/login,200,67224
2024-03-28T18:19:25.137Z,http://localhost:3000/login,200,67257
2024-03-28T18:19:25.137Z,http://localhost:3000/login,200,67308
2024-03-28T18:19:25.138Z,http://localhost:3000/login,200,67311
2024-03-28T18:19:25.138Z,http://localhost:3000/login,200,67321
2024-03-28T18:19:25.138Z,http://localhost:3000/login,200,67357
2024-03-28T18:19:25.139Z,http://localhost:3000/login,200,67386
2024-03-28T18:19:25.139Z,http://localhost:3000/login,200,67449
2024-03-28T18:19:25.140Z,http://localhost:3000/login,200,67452
2024-03-28T18:19:25.140Z,http://localhost:3000/login,200,67454
2024-03-28T18:19:25.141Z,http://localhost:3000/login,200,67487
2024-03-28T18:19:25.141Z,http://localhost:3000/login,200,67536
2024-03-28T18:19:25.142Z,http://localhost:3000/login,200,67584
2024-03-28T18:19:25.142Z,http://localhost:3000/login,200,67596
2024-03-28T18:19:25.143Z,http://localhost:3000/login,200,67599
2024-03-28T18:19:25.144Z,http://localhost:3000/login,200,67628
2024-03-28T18:19:25.145Z,http://localhost:3000/login,200,67660
2024-03-28T18:19:25.145Z,http://localhost:3000/login,200,67730
2024-03-28T18:19:25.145Z,http://localhost:3000/login,200,67735
2024-03-28T18:19:25.146Z,http://localhost:3000/login,200,67750
2024-03-28T18:19:25.146Z,http://localhost:3000/login,200,67753
2024-03-28T18:19:25.146Z,http://localhost:3000/login,200,67787
2024-03-28T18:19:25.147Z,http://localhost:3000/login,200,67865
2024-03-28T18:19:25.146Z,http://localhost:3000/login,200,67868
2024-03-28T18:19:25.147Z,http://localhost:3000/login,200,67883
2024-03-28T18:19:25.147Z,http://localhost:3000/login,200,67893
2024-03-28T18:19:25.147Z,http://localhost:3000/login,200,67920
2024-03-28T18:19:25.148Z,http://localhost:3000/login,200,68000
2024-03-28T18:19:25.148Z,http://localhost:3000/login,200,68007
2024-03-28T18:19:25.148Z,http://localhost:3000/login,200,68015
2024-03-28T18:19:25.149Z,http://localhost:3000/login,200,68026
2024-03-28T18:19:25.149Z,http://localhost:3000/login,200,68072
2024-03-28T18:19:25.150Z,http://localhost:3000/login,200,68142
2024-03-28T18:19:25.150Z,http://localhost:3000/login,200,68150
2024-03-28T18:19:25.151Z,http://localhost:3000/login,200,68155
2024-03-28T18:19:25.151Z,http://localhost:3000/login,200,68159
2024-03-28T18:19:25.152Z,http://localhost:3000/login,200,68204
2024-03-28T18:19:25.152Z,http://localhost:3000/login,200,68279
2024-03-28T18:19:25.153Z,http://localhost:3000/login,200,68285
2024-03-28T18:19:25.153Z,http://localhost:3000/login,200,68290
2024-03-28T18:19:25.154Z,http://localhost:3000/login,200,68301
2024-03-28T18:19:25.155Z,http://localhost:3000/login,200,68337
2024-03-28T18:19:25.156Z,http://localhost:3000/login,200,68436
2024-03-28T18:19:25.156Z,http://localhost:3000/login,200,68440
2024-03-28T18:19:25.155Z,http://localhost:3000/login,200,68445
2024-03-28T18:19:25.157Z,http://localhost:3000/login,200,68450
2024-03-28T18:19:25.157Z,http://localhost:3000/login,200,68469
2024-03-28T18:19:25.157Z,http://localhost:3000/login,200,68566
2024-03-28T18:19:25.158Z,http://localhost:3000/login,200,68575
2024-03-28T18:19:25.158Z,http://localhost:3000/login,200,68578
2024-03-28T18:19:25.158Z,http://localhost:3000/login,200,68583
2024-03-28T18:19:25.159Z,http://localhost:3000/login,200,68600
2024-03-28T18:19:25.159Z,http://localhost:3000/login,200,68697
2024-03-28T18:19:25.159Z,http://localhost:3000/login,200,68713
2024-03-28T18:19:25.160Z,http://localhost:3000/login,200,68716
2024-03-28T18:19:25.160Z,http://localhost:3000/login,200,68725
2024-03-28T18:19:25.160Z,http://localhost:3000/login,200,68747
2024-03-28T18:19:25.160Z,http://localhost:3000/login,200,68847
2024-03-28T18:19:25.161Z,http://localhost:3000/login,200,68849
2024-03-28T18:19:25.161Z,http://localhost:3000/login,200,68852
2024-03-28T18:19:25.161Z,http://localhost:3000/login,200,68861
2024-03-28T18:19:25.161Z,http://localhost:3000/login,200,68877
2024-03-28T18:19:25.162Z,http://localhost:3000/login,200,68976
2024-03-28T18:19:25.161Z,http://localhost:3000/login,200,68986
2024-03-28T18:19:25.162Z,http://localhost:3000/login,200,68988
2024-03-28T18:19:25.163Z,http://localhost:3000/login,200,69006
2024-03-28T18:19:25.163Z,http://localhost:3000/login,200,69009
2024-03-28T18:19:25.164Z,http://localhost:3000/login,200,69111
2024-03-28T18:19:25.164Z,http://localhost:3000/login,200,69118
2024-03-28T18:19:25.164Z,http://localhost:3000/login,200,69124
2024-03-28T18:19:25.166Z,http://localhost:3000/login,200,69143
2024-03-28T18:19:25.165Z,http://localhost:3000/login,200,69148
2024-03-28T18:19:25.166Z,http://localhost:3000/login,200,69242
2024-03-28T18:19:25.167Z,http://localhost:3000/login,200,69258
2024-03-28T18:19:25.166Z,http://localhost:3000/login,200,69262
2024-03-28T18:19:25.167Z,http://localhost:3000/login,200,69273
2024-03-28T18:19:25.170Z,http://localhost:3000/login,200,69277
2024-03-28T18:19:25.171Z,http://localhost:3000/login,200,69371
2024-03-28T18:19:25.171Z,http://localhost:3000/login,200,69389
2024-03-28T18:19:25.171Z,http://localhost:3000/login,200,69399
2024-03-28T18:19:25.172Z,http://localhost:3000/login,200,69402
2024-03-28T18:19:25.172Z,http://localhost:3000/login,200,69416
2024-03-28T18:19:25.172Z,http://localhost:3000/login,200,69513
2024-03-28T18:19:25.172Z,http://localhost:3000/login,200,69554
2024-03-28T18:19:25.173Z,http://localhost:3000/login,200,69555
2024-03-28T18:19:25.173Z,http://localhost:3000/login,200,69559
2024-03-28T18:19:25.173Z,http://localhost:3000/login,200,69564
2024-03-28T18:19:25.174Z,http://localhost:3000/login,200,69645
2024-03-28T18:19:25.174Z,http://localhost:3000/login,200,69688
2024-03-28T18:19:25.175Z,http://localhost:3000/login,200,69694
2024-03-28T18:19:25.174Z,http://localhost:3000/login,200,69699
2024-03-28T18:19:25.175Z,http://localhost:3000/login,200,69702
2024-03-28T18:19:25.174Z,http://localhost:3000/login,200,69772
2024-03-28T18:19:25.175Z,http://localhost:3000/login,200,69823
2024-03-28T18:19:25.175Z,http://localhost:3000/login,200,69829
2024-03-28T18:19:25.176Z,http://localhost:3000/login,200,69852
2024-03-28T18:19:25.176Z,http://localhost:3000/login,200,69857
2024-03-28T18:19:25.177Z,http://localhost:3000/login,200,69913
2024-03-28T18:19:25.177Z,http://localhost:3000/login,200,69953
2024-03-28T18:19:25.177Z,http://localhost:3000/login,200,69963
2024-03-28T18:19:25.177Z,http://localhost:3000/login,200,69992
2024-03-28T18:19:25.178Z,http://localhost:3000/login,200,69996
2024-03-28T18:19:25.178Z,http://localhost:3000/login,200,70046
2024-03-28T18:19:25.179Z,http://localhost:3000/login,200,70085
2024-03-28T18:19:25.179Z,http://localhost:3000/login,200,70101
2024-03-28T18:19:25.179Z,http://localhost:3000/login,200,70129
2024-03-28T18:19:25.180Z,http://localhost:3000/login,200,70132
2024-03-28T18:19:25.180Z,http://localhost:3000/login,200,70192
2024-03-28T18:19:25.180Z,http://localhost:3000/login,200,70212
2024-03-28T18:19:25.180Z,http://localhost:3000/login,200,70247
2024-03-28T18:19:25.181Z,http://localhost:3000/login,200,70266
2024-03-28T18:19:25.181Z,http://localhost:3000/login,200,70275
2024-03-28T18:19:25.181Z,http://localhost:3000/login,200,70322
2024-03-28T18:19:25.181Z,http://localhost:3000/login,200,70348
2024-03-28T18:19:25.182Z,http://localhost:3000/login,200,70415
2024-03-28T18:19:25.182Z,http://localhost:3000/login,200,70436
2024-03-28T18:19:25.182Z,http://localhost:3000/login,200,70442
2024-03-28T18:19:25.182Z,http://localhost:3000/login,200,70461
2024-03-28T18:19:25.183Z,http://localhost:3000/login,200,70477
2024-03-28T18:19:25.183Z,http://localhost:3000/login,200,70560
2024-03-28T18:19:25.184Z,http://localhost:3000/login,200,70564
2024-03-28T18:19:25.184Z,http://localhost:3000/login,200,70589
2024-03-28T18:19:25.185Z,http://localhost:3000/login,200,70605
2024-03-28T18:19:25.185Z,http://localhost:3000/login,200,70609
2024-03-28T18:19:25.185Z,http://localhost:3000/login,200,70695
2024-03-28T18:19:25.186Z,http://localhost:3000/login,200,70700
2024-03-28T18:19:25.186Z,http://localhost:3000/login,200,70726
2024-03-28T18:19:25.186Z,http://localhost:3000/login,200,70731
2024-03-28T18:19:25.186Z,http://localhost:3000/login,200,70741
2024-03-28T18:19:25.187Z,http://localhost:3000/login,200,70838
2024-03-28T18:19:25.187Z,http://localhost:3000/login,200,70842
2024-03-28T18:19:25.187Z,http://localhost:3000/login,200,70873
2024-03-28T18:19:25.187Z,http://localhost:3000/login,200,70878
2024-03-28T18:19:25.188Z,http://localhost:3000/login,200,70884
2024-03-28T18:19:25.188Z,http://localhost:3000/login,200,70982
2024-03-28T18:19:25.188Z,http://localhost:3000/login,200,70986
2024-03-28T18:19:25.189Z,http://localhost:3000/login,200,71001
2024-03-28T18:19:25.189Z,http://localhost:3000/login,200,71016
2024-03-28T18:19:25.189Z,http://localhost:3000/login,200,71019
2024-03-28T18:19:25.189Z,http://localhost:3000/login,200,71118
2024-03-28T18:19:25.189Z,http://localhost:3000/login,200,71123
2024-03-28T18:19:25.191Z,http://localhost:3000/login,200,71124
2024-03-28T18:19:25.192Z,http://localhost:3000/login,200,71145
2024-03-28T18:19:25.192Z,http://localhost:3000/login,200,71164
2024-03-28T18:19:25.192Z,http://localhost:3000/login,200,71252
2024-03-28T18:19:25.192Z,http://localhost:3000/login,200,71256
2024-03-28T18:19:25.193Z,http://localhost:3000/login,200,71262
2024-03-28T18:19:25.193Z,http://localhost:3000/login,200,71281
2024-03-28T18:19:25.193Z,http://localhost:3000/login,200,71299
2024-03-28T18:19:25.193Z,http://localhost:3000/login,200,71393
2024-03-28T18:19:25.193Z,http://localhost:3000/login,200,71398
2024-03-28T18:19:25.194Z,http://localhost:3000/login,200,71401
2024-03-28T18:19:25.194Z,http://localhost:3000/login,200,71415
2024-03-28T18:19:25.194Z,http://localhost:3000/login,200,71435
2024-03-28T18:19:25.195Z,http://localhost:3000/login,200,71521
2024-03-28T18:19:25.194Z,http://localhost:3000/login,200,71534
2024-03-28T18:19:25.195Z,http://localhost:3000/login,200,71537
2024-03-28T18:19:25.195Z,http://localhost:3000/login,200,71553
2024-03-28T18:19:25.195Z,http://localhost:3000/login,200,71579
2024-03-28T18:19:25.196Z,http://localhost:3000/login,200,71661
2024-03-28T18:19:25.196Z,http://localhost:3000/login,200,71706
2024-03-28T18:19:25.196Z,http://localhost:3000/login,200,71723
2024-03-28T18:19:25.196Z,http://localhost:3000/login,200,71726
2024-03-28T18:19:25.196Z,http://localhost:3000/login,200,71735
2024-03-28T18:19:25.197Z,http://localhost:3000/login,200,71791
2024-03-28T18:19:25.197Z,http://localhost:3000/login,200,71811
2024-03-28T18:19:25.197Z,http://localhost:3000/login,200,71813
2024-03-28T18:19:25.197Z,http://localhost:3000/login,200,71817
2024-03-28T18:19:25.198Z,http://localhost:3000/login,200,71877
2024-03-28T18:19:25.198Z,http://localhost:3000/login,200,71926
2024-03-28T18:19:25.198Z,http://localhost:3000/login,200,71960
2024-03-28T18:19:25.198Z,http://localhost:3000/login,200,71964
2024-03-28T18:19:25.199Z,http://localhost:3000/login,200,71968
2024-03-28T18:19:25.199Z,http://localhost:3000/login,200,72016
2024-03-28T18:19:25.200Z,http://localhost:3000/login,200,72055
2024-03-28T18:19:25.200Z,http://localhost:3000/login,200,72091
2024-03-28T18:19:25.201Z,http://localhost:3000/login,200,72108
2024-03-28T18:19:25.201Z,http://localhost:3000/login,200,72111
2024-03-28T18:19:25.202Z,http://localhost:3000/login,200,72157
2024-03-28T18:19:25.201Z,http://localhost:3000/login,200,72189
2024-03-28T18:19:25.202Z,http://localhost:3000/login,200,72227
2024-03-28T18:19:25.202Z,http://localhost:3000/login,200,72241
2024-03-28T18:19:25.202Z,http://localhost:3000/login,200,72256
2024-03-28T18:19:25.202Z,http://localhost:3000/login,200,72294
2024-03-28T18:19:25.203Z,http://localhost:3000/login,200,72322
2024-03-28T18:19:25.203Z,http://localhost:3000/login,200,72358
2024-03-28T18:19:25.203Z,http://localhost:3000/login,200,72383
2024-03-28T18:19:25.203Z,http://localhost:3000/login,200,72394
2024-03-28T18:19:25.204Z,http://localhost:3000/login,200,72428
2024-03-28T18:19:25.203Z,http://localhost:3000/login,200,72455
2024-03-28T18:19:25.204Z,http://localhost:3000/login,200,72493
2024-03-28T18:19:25.204Z,http://localhost:3000/login,200,72526
2024-03-28T18:19:25.204Z,http://localhost:3000/login,200,72530
2024-03-28T18:19:25.204Z,http://localhost:3000/login,200,72571
2024-03-28T18:19:25.205Z,http://localhost:3000/login,200,72585
2024-03-28T18:19:25.205Z,http://localhost:3000/login,200,72622
2024-03-28T18:19:25.205Z,http://localhost:3000/login,200,72669
2024-03-28T18:19:25.205Z,http://localhost:3000/login,200,72673
2024-03-28T18:19:25.205Z,http://localhost:3000/login,200,72716
2024-03-28T18:19:25.206Z,http://localhost:3000/login,200,72720
2024-03-28T18:19:25.206Z,http://localhost:3000/login,200,72755
2024-03-28T18:19:25.206Z,http://localhost:3000/login,200,72822
2024-03-28T18:19:25.206Z,http://localhost:3000/login,200,72825
2024-03-28T18:19:25.206Z,http://localhost:3000/login,200,72854
2024-03-28T18:19:25.207Z,http://localhost:3000/login,200,72855
2024-03-28T18:19:25.210Z,http://localhost:3000/login,200,72883
2024-03-28T18:19:25.211Z,http://localhost:3000/login,200,72953
2024-03-28T18:19:25.211Z,http://localhost:3000/login,200,72960
2024-03-28T18:19:25.212Z,http://localhost:3000/login,200,72983
2024-03-28T18:19:25.212Z,http://localhost:3000/login,200,72986
2024-03-28T18:19:25.213Z,http://localhost:3000/login,200,73013
2024-03-28T18:19:25.213Z,http://localhost:3000/login,200,73096
2024-03-28T18:19:25.214Z,http://localhost:3000/login,200,73098
2024-03-28T18:19:25.214Z,http://localhost:3000/login,200,73110
2024-03-28T18:19:25.215Z,http://localhost:3000/login,200,73126
2024-03-28T18:19:25.215Z,http://localhost:3000/login,200,73145
2024-03-28T18:19:25.216Z,http://localhost:3000/login,200,73229
2024-03-28T18:19:25.216Z,http://localhost:3000/login,200,73232
2024-03-28T18:19:25.216Z,http://localhost:3000/login,200,73242
2024-03-28T18:19:25.217Z,http://localhost:3000/login,200,73260
2024-03-28T18:19:25.217Z,http://localhost:3000/login,200,73289
2024-03-28T18:19:25.218Z,http://localhost:3000/login,200,73371
2024-03-28T18:19:25.218Z,http://localhost:3000/login,200,73373
2024-03-28T18:19:25.219Z,http://localhost:3000/login,200,73374
2024-03-28T18:19:25.219Z,http://localhost:3000/login,200,73402
2024-03-28T18:19:25.220Z,http://localhost:3000/login,200,73418
2024-03-28T18:19:25.220Z,http://localhost:3000/login,200,73505
2024-03-28T18:19:25.221Z,http://localhost:3000/login,200,73508
2024-03-28T18:19:25.221Z,http://localhost:3000/login,200,73514
2024-03-28T18:19:25.222Z,http://localhost:3000/login,200,73534
2024-03-28T18:19:25.222Z,http://localhost:3000/login,200,73549
2024-03-28T18:19:25.223Z,http://localhost:3000/login,200,73643
2024-03-28T18:19:25.224Z,http://localhost:3000/login,200,73648
2024-03-28T18:19:25.223Z,http://localhost:3000/login,200,73653
2024-03-28T18:19:25.224Z,http://localhost:3000/login,200,73673
2024-03-28T18:19:25.225Z,http://localhost:3000/login,200,73678
2024-03-28T18:19:25.225Z,http://localhost:3000/login,200,73775
2024-03-28T18:19:25.225Z,http://localhost:3000/login,200,73786
2024-03-28T18:19:25.226Z,http://localhost:3000/login,200,73790
2024-03-28T18:19:25.226Z,http://localhost:3000/login,200,73804
2024-03-28T18:19:25.226Z,http://localhost:3000/login,200,73811
2024-03-28T18:19:25.226Z,http://localhost:3000/login,200,73994
2024-03-28T18:19:25.227Z,http://localhost:3000/login,200,73995
2024-03-28T18:19:25.227Z,http://localhost:3000/login,200,73998
2024-03-28T18:19:25.227Z,http://localhost:3000/login,200,74004
2024-03-28T18:19:25.227Z,http://localhost:3000/login,200,74008
2024-03-28T18:19:25.228Z,http://localhost:3000/login,200,74200
2024-03-28T18:19:25.228Z,http://localhost:3000/login,200,74203
2024-03-28T18:19:25.229Z,http://localhost:3000/login,200,74208
2024-03-28T18:19:25.228Z,http://localhost:3000/login,200,74213
2024-03-28T18:19:25.229Z,http://localhost:3000/login,200,74215
2024-03-28T18:19:25.230Z,http://localhost:3000/login,200,74400
2024-03-28T18:19:25.230Z,http://localhost:3000/login,200,74404
2024-03-28T18:19:25.230Z,http://localhost:3000/login,200,74407
2024-03-28T18:19:25.231Z,http://localhost:3000/login,200,74409
2024-03-28T18:19:25.232Z,http://localhost:3000/login,200,74412
2024-03-28T18:19:25.231Z,http://localhost:3000/login,200,74606
2024-03-28T18:19:25.232Z,http://localhost:3000/login,200,74609
2024-03-28T18:19:25.233Z,http://localhost:3000/login,200,74610
2024-03-28T18:19:25.233Z,http://localhost:3000/login,200,74616
2024-03-28T18:19:25.234Z,http://localhost:3000/login,200,74619
2024-03-28T18:19:25.234Z,http://localhost:3000/login,200,74915
2024-03-28T18:19:25.236Z,http://localhost:3000/login,200,74918
2024-03-28T18:19:25.235Z,http://localhost:3000/login,200,74922
2024-03-28T18:19:25.235Z,http://localhost:3000/login,200,74926
2024-03-28T18:19:25.237Z,http://localhost:3000/login,200,74928
2024-03-28T18:19:25.236Z,http://localhost:3000/login,200,75071
2024-03-28T18:19:25.238Z,http://localhost:3000/login,200,75072
2024-03-28T18:19:25.239Z,http://localhost:3000/login,200,75075
2024-03-28T18:19:25.237Z,http://localhost:3000/login,200,75081
2024-03-28T18:19:25.238Z,http://localhost:3000/login,200,75084
2024-03-28T18:19:25.240Z,http://localhost:3000/login,200,75415
2024-03-28T18:19:25.240Z,http://localhost:3000/login,200,75419
2024-03-28T18:19:25.242Z,http://localhost:3000/login,200,75421
2024-03-28T18:19:25.241Z,http://localhost:3000/login,200,75427
2024-03-28T18:19:25.243Z,http://localhost:3000/login,200,75428
2024-03-28T18:19:25.243Z,http://localhost:3000/login,200,75682
2024-03-28T18:19:25.243Z,http://localhost:3000/login,200,75685
2024-03-28T18:19:25.244Z,http://localhost:3000/login,200,75692
2024-03-28T18:19:25.245Z,http://localhost:3000/login,200,75695
2024-03-28T18:19:25.245Z,http://localhost:3000/login,200,75699
2024-03-28T18:19:25.246Z,http://localhost:3000/login,200,75825
2024-03-28T18:19:25.247Z,http://localhost:3000/login,200,75828
2024-03-28T18:19:25.246Z,http://localhost:3000/login,200,75832
2024-03-28T18:19:25.247Z,http://localhost:3000/login,200,75836
2024-03-28T18:19:25.249Z,http://localhost:3000/login,200,75838
2024-03-28T18:19:25.248Z,http://localhost:3000/login,200,76127
2024-03-28T18:19:25.250Z,http://localhost:3000/login,200,76128
2024-03-28T18:19:25.250Z,http://localhost:3000/login,200,76131
2024-03-28T18:19:25.251Z,http://localhost:3000/login,200,76136
2024-03-28T18:19:25.251Z,http://localhost:3000/login,200,76140
2024-03-28T18:19:25.252Z,http://localhost:3000/login,200,76259
2024-03-28T18:19:25.252Z,http://localhost:3000/login,200,76264
2024-03-28T18:19:25.253Z,http://localhost:3000/login,200,76269
2024-03-28T18:19:25.253Z,http://localhost:3000/login,200,76271
2024-03-28T18:19:25.254Z,http://localhost:3000/login,200,76282
2024-03-28T18:19:25.254Z,http://localhost:3000/login,200,76415
2024-03-28T18:19:25.255Z,http://localhost:3000/login,200,76418
2024-03-28T18:19:25.255Z,http://localhost:3000/login,200,76422
2024-03-28T18:19:25.256Z,http://localhost:3000/login,200,76427
2024-03-28T18:19:25.256Z,http://localhost:3000/login,200,76431
2024-03-28T18:19:25.256Z,http://localhost:3000/login,200,76630
2024-03-28T18:19:25.257Z,http://localhost:3000/login,200,76633
2024-03-28T18:19:25.257Z,http://localhost:3000/login,200,76635
2024-03-28T18:19:25.258Z,http://localhost:3000/login,200,76638
2024-03-28T18:19:25.258Z,http://localhost:3000/login,200,76644
2024-03-28T18:19:25.258Z,http://localhost:3000/login,200,76864
2024-03-28T18:19:25.259Z,http://localhost:3000/login,200,76866
2024-03-28T18:19:25.259Z,http://localhost:3000/login,200,76871
2024-03-28T18:19:25.260Z,http://localhost:3000/login,200,76876
2024-03-28T18:19:25.260Z,http://localhost:3000/login,200,76881
2024-03-28T18:19:25.260Z,http://localhost:3000/login,200,77033
2024-03-28T18:19:25.260Z,http://localhost:3000/login,200,77036
2024-03-28T18:19:25.261Z,http://localhost:3000/login,200,77041
2024-03-28T18:19:25.261Z,http://localhost:3000/login,200,77044
2024-03-28T18:19:25.261Z,http://localhost:3000/login,200,77047
2024-03-28T18:19:25.262Z,http://localhost:3000/login,200,77181
2024-03-28T18:19:25.262Z,http://localhost:3000/login,200,77184
2024-03-28T18:19:25.262Z,http://localhost:3000/login,200,77188
2024-03-28T18:19:25.263Z,http://localhost:3000/login,200,77193
2024-03-28T18:19:25.263Z,http://localhost:3000/login,200,77197
2024-03-28T18:19:25.263Z,http://localhost:3000/login,200,77314
2024-03-28T18:19:25.264Z,http://localhost:3000/login,200,77316
2024-03-28T18:19:25.264Z,http://localhost:3000/login,200,77325
2024-03-28T18:19:25.265Z,http://localhost:3000/login,200,77344
2024-03-28T18:19:25.266Z,http://localhost:3000/login,200,77346
2024-03-28T18:19:25.266Z,http://localhost:3000/login,200,77447
2024-03-28T18:19:25.267Z,http://localhost:3000/login,200,77450
2024-03-28T18:19:25.267Z,http://localhost:3000/login,200,77468
2024-03-28T18:19:25.267Z,http://localhost:3000/login,200,77484
2024-03-28T18:19:25.268Z,http://localhost:3000/login,200,77490
2024-03-28T18:19:25.268Z,http://localhost:3000/login,200,77586
2024-03-28T18:19:25.269Z,http://localhost:3000/login,200,77588
2024-03-28T18:19:25.269Z,http://localhost:3000/login,200,77611
2024-03-28T18:19:25.269Z,http://localhost:3000/login,200,77621
2024-03-28T18:19:25.270Z,http://localhost:3000/login,200,77636
2024-03-28T18:19:25.270Z,http://localhost:3000/login,200,77710
2024-03-28T18:19:25.270Z,http://localhost:3000/login,200,77722
2024-03-28T18:19:25.271Z,http://localhost:3000/login,200,77753
2024-03-28T18:19:25.272Z,http://localhost:3000/login,200,77786
2024-03-28T18:19:25.271Z,http://localhost:3000/login,200,77790
2024-03-28T18:19:25.272Z,http://localhost:3000/login,200,77842
2024-03-28T18:19:25.272Z,http://localhost:3000/login,200,77853
2024-03-28T18:19:25.273Z,http://localhost:3000/login,200,77887
2024-03-28T18:19:25.273Z,http://localhost:3000/login,200,77923
2024-03-28T18:19:25.273Z,http://localhost:3000/login,200,77931
2024-03-28T18:19:25.274Z,http://localhost:3000/login,200,77970
2024-03-28T18:19:25.275Z,http://localhost:3000/login,200,77987
2024-03-28T18:19:25.275Z,http://localhost:3000/login,200,78021
2024-03-28T18:19:25.275Z,http://localhost:3000/login,200,78062
2024-03-28T18:19:25.276Z,http://localhost:3000/login,200,78064
2024-03-28T18:19:25.276Z,http://localhost:3000/login,200,78103
2024-03-28T18:19:25.276Z,http://localhost:3000/login,200,78127
2024-03-28T18:19:25.277Z,http://localhost:3000/login,200,78161
2024-03-28T18:19:25.277Z,http://localhost:3000/login,200,78202
2024-03-28T18:19:25.280Z,http://localhost:3000/login,200,78202
2024-03-28T18:19:25.281Z,http://localhost:3000/login,200,78246
2024-03-28T18:19:25.281Z,http://localhost:3000/login,200,78259
2024-03-28T18:19:25.282Z,http://localhost:3000/login,200,78293
2024-03-28T18:19:25.282Z,http://localhost:3000/login,200,78345
2024-03-28T18:19:25.283Z,http://localhost:3000/login,200,78348
2024-03-28T18:19:25.283Z,http://localhost:3000/login,200,78380
2024-03-28T18:19:25.284Z,http://localhost:3000/login,200,78390
2024-03-28T18:19:25.284Z,http://localhost:3000/login,200,78424
2024-03-28T18:19:25.285Z,http://localhost:3000/login,200,78481
2024-03-28T18:19:25.285Z,http://localhost:3000/login,200,78487
2024-03-28T18:19:25.286Z,http://localhost:3000/login,200,78511
2024-03-28T18:19:25.286Z,http://localhost:3000/login,200,78519
2024-03-28T18:19:25.287Z,http://localhost:3000/login,200,78561
2024-03-28T18:19:25.287Z,http://localhost:3000/login,200,78618
2024-03-28T18:19:25.287Z,http://localhost:3000/login,200,78622
2024-03-28T18:19:25.288Z,http://localhost:3000/login,200,78642
2024-03-28T18:19:25.288Z,http://localhost:3000/login,200,78650
2024-03-28T18:19:25.288Z,http://localhost:3000/login,200,78702
2024-03-28T18:19:25.289Z,http://localhost:3000/login,200,78757
2024-03-28T18:19:25.289Z,http://localhost:3000/login,200,78759
2024-03-28T18:19:25.290Z,http://localhost:3000/login,200,78770
2024-03-28T18:19:25.290Z,http://localhost:3000/login,200,78776
2024-03-28T18:19:25.290Z,http://localhost:3000/login,200,78848
2024-03-28T18:19:25.289Z,http://localhost:3000/login,200,78900
2024-03-28T18:19:25.290Z,http://localhost:3000/login,200,78903
2024-03-28T18:19:25.291Z,http://localhost:3000/login,200,78906
2024-03-28T18:19:25.291Z,http://localhost:3000/login,200,78912
2024-03-28T18:19:25.292Z,http://localhost:3000/login,200,78981
2024-03-28T18:19:25.291Z,http://localhost:3000/login,200,79032
2024-03-28T18:19:25.292Z,http://localhost:3000/login,200,79037
2024-03-28T18:19:25.292Z,http://localhost:3000/login,200,79045
2024-03-28T18:19:25.292Z,http://localhost:3000/login,200,79047
2024-03-28T18:19:25.293Z,http://localhost:3000/login,200,79116
2024-03-28T18:19:25.293Z,http://localhost:3000/login,200,79167
2024-03-28T18:19:25.293Z,http://localhost:3000/login,200,79172
2024-03-28T18:19:25.294Z,http://localhost:3000/login,200,79179
2024-03-28T18:19:25.294Z,http://localhost:3000/login,200,79181
2024-03-28T18:19:25.295Z,http://localhost:3000/login,200,79263
2024-03-28T18:19:25.294Z,http://localhost:3000/login,200,79296
2024-03-28T18:19:25.295Z,http://localhost:3000/login,200,79310
2024-03-28T18:19:25.296Z,http://localhost:3000/login,200,79313
2024-03-28T18:19:25.296Z,http://localhost:3000/login,200,79324
2024-03-28T18:19:25.296Z,http://localhost:3000/login,200,79402
2024-03-28T18:19:25.297Z,http://localhost:3000/login,200,79428
2024-03-28T18:19:25.297Z,http://localhost:3000/login,200,79458
2024-03-28T18:19:25.298Z,http://localhost:3000/login,200,79460
2024-03-28T18:19:25.298Z,http://localhost:3000/login,200,79465
2024-03-28T18:19:25.297Z,http://localhost:3000/login,200,79538
2024-03-28T18:19:25.299Z,http://localhost:3000/login,200,79565
2024-03-28T18:19:25.299Z,http://localhost:3000/login,200,79593
2024-03-28T18:19:25.298Z,http://localhost:3000/login,200,79611
2024-03-28T18:19:25.300Z,http://localhost:3000/login,200,79612
2024-03-28T18:19:25.299Z,http://localhost:3000/login,200,79679
2024-03-28T18:19:25.300Z,http://localhost:3000/login,200,79695
2024-03-28T18:19:25.300Z,http://localhost:3000/login,200,79727
2024-03-28T18:19:25.301Z,http://localhost:3000/login,200,79759
2024-03-28T18:19:25.301Z,http://localhost:3000/login,200,79762
2024-03-28T18:19:25.301Z,http://localhost:3000/login,200,79810
2024-03-28T18:19:25.302Z,http://localhost:3000/login,200,79823
2024-03-28T18:19:25.302Z,http://localhost:3000/login,200,79861
2024-03-28T18:19:25.302Z,http://localhost:3000/login,200,79905
2024-03-28T18:19:25.303Z,http://localhost:3000/login,200,79907
2024-03-28T18:19:25.302Z,http://localhost:3000/login,200,79968
2024-03-28T18:19:25.303Z,http://localhost:3000/login,200,79971
2024-03-28T18:19:25.303Z,http://localhost:3000/login,200,79993
2024-03-28T18:19:25.303Z,http://localhost:3000/login,200,80046
2024-03-28T18:19:25.303Z,http://localhost:3000/login,200,80052
2024-03-28T18:19:25.304Z,http://localhost:3000/login,200,80105
2024-03-28T18:19:25.304Z,http://localhost:3000/login,200,80110
2024-03-28T18:19:25.304Z,http://localhost:3000/login,200,80124
2024-03-28T18:19:25.304Z,http://localhost:3000/login,200,80186
2024-03-28T18:19:25.305Z,http://localhost:3000/login,200,80187
2024-03-28T18:19:25.306Z,http://localhost:3000/login,200,80241
2024-03-28T18:19:25.305Z,http://localhost:3000/login,200,80246
2024-03-28T18:19:25.305Z,http://localhost:3000/login,200,80271
2024-03-28T18:19:25.306Z,http://localhost:3000/login,200,80320
2024-03-28T18:19:25.306Z,http://localhost:3000/login,200,80323
2024-03-28T18:19:25.306Z,http://localhost:3000/login,200,80391
2024-03-28T18:19:25.306Z,http://localhost:3000/login,200,80406
2024-03-28T18:19:25.307Z,http://localhost:3000/login,200,80411
2024-03-28T18:19:25.307Z,http://localhost:3000/login,200,80470
2024-03-28T18:19:25.307Z,http://localhost:3000/login,200,80473
2024-03-28T18:19:25.308Z,http://localhost:3000/login,200,80503
2024-03-28T18:19:25.307Z,http://localhost:3000/login,200,80535
2024-03-28T18:19:25.308Z,http://localhost:3000/login,200,80537
2024-03-28T18:19:25.308Z,http://localhost:3000/login,200,80611
2024-03-28T18:19:25.308Z,http://localhost:3000/login,200,80617
2024-03-28T18:19:25.309Z,http://localhost:3000/login,200,80636
2024-03-28T18:19:25.309Z,http://localhost:3000/login,200,80682
2024-03-28T18:19:25.308Z,http://localhost:3000/login,200,80690
2024-03-28T18:19:25.309Z,http://localhost:3000/login,200,80747
2024-03-28T18:19:25.309Z,http://localhost:3000/login,200,80763
2024-03-28T18:19:25.310Z,http://localhost:3000/login,200,80778
2024-03-28T18:19:25.310Z,http://localhost:3000/login,200,80819
2024-03-28T18:19:25.310Z,http://localhost:3000/login,200,80827
2024-03-28T18:19:25.310Z,http://localhost:3000/login,200,80893
2024-03-28T18:19:25.310Z,http://localhost:3000/login,200,80904
2024-03-28T18:19:25.311Z,http://localhost:3000/login,200,80909
2024-03-28T18:19:25.311Z,http://localhost:3000/login,200,80950
2024-03-28T18:19:25.311Z,http://localhost:3000/login,200,80971
2024-03-28T18:19:25.311Z,http://localhost:3000/login,200,81034
2024-03-28T18:19:25.312Z,http://localhost:3000/login,200,81035
2024-03-28T18:19:25.311Z,http://localhost:3000/login,200,81042
2024-03-28T18:19:25.312Z,http://localhost:3000/login,200,81082
2024-03-28T18:19:25.312Z,http://localhost:3000/login,200,81103
2024-03-28T18:19:25.312Z,http://localhost:3000/login,200,81179
2024-03-28T18:19:25.312Z,http://localhost:3000/login,200,81183
2024-03-28T18:19:25.313Z,http://localhost:3000/login,200,81186
2024-03-28T18:19:25.313Z,http://localhost:3000/login,200,81217
2024-03-28T18:19:25.313Z,http://localhost:3000/login,200,81238
2024-03-28T18:19:25.313Z,http://localhost:3000/login,200,81308
2024-03-28T18:19:25.313Z,http://localhost:3000/login,200,81324
2024-03-28T18:19:25.314Z,http://localhost:3000/login,200,81336
2024-03-28T18:19:25.314Z,http://localhost:3000/login,200,81346
2024-03-28T18:19:25.314Z,http://localhost:3000/login,200,81378
2024-03-28T18:19:25.314Z,http://localhost:3000/login,200,81438
2024-03-28T18:19:25.315Z,http://localhost:3000/login,200,81483
2024-03-28T18:19:25.315Z,http://localhost:3000/login,200,81489
2024-03-28T18:19:25.315Z,http://localhost:3000/login,200,81491
2024-03-28T18:19:25.315Z,http://localhost:3000/login,200,81517
2024-03-28T18:19:25.315Z,http://localhost:3000/login,200,81576
2024-03-28T18:19:25.316Z,http://localhost:3000/login,200,81615
2024-03-28T18:19:25.319Z,http://localhost:3000/login,200,81621
2024-03-28T18:19:25.320Z,http://localhost:3000/login,200,81624
2024-03-28T18:19:25.320Z,http://localhost:3000/login,200,81649
2024-03-28T18:19:25.321Z,http://localhost:3000/login,200,81703
2024-03-28T18:19:25.321Z,http://localhost:3000/login,200,81753
2024-03-28T18:19:25.322Z,http://localhost:3000/login,200,81756
2024-03-28T18:19:25.322Z,http://localhost:3000/login,200,81761
2024-03-28T18:19:25.323Z,http://localhost:3000/login,200,81784
2024-03-28T18:19:25.323Z,http://localhost:3000/login,200,81834
2024-03-28T18:19:25.324Z,http://localhost:3000/login,200,81887
2024-03-28T18:19:25.324Z,http://localhost:3000/login,200,81893
2024-03-28T18:19:25.325Z,http://localhost:3000/login,200,81897
2024-03-28T18:19:25.325Z,http://localhost:3000/login,200,81918
2024-03-28T18:19:25.325Z,http://localhost:3000/login,200,81963
2024-03-28T18:19:25.327Z,http://localhost:3000/login,200,82030
2024-03-28T18:19:25.326Z,http://localhost:3000/login,200,82039
2024-03-28T18:19:25.326Z,http://localhost:3000/login,200,82046
2024-03-28T18:19:25.327Z,http://localhost:3000/login,200,82066
2024-03-28T18:19:25.327Z,http://localhost:3000/login,200,82095
2024-03-28T18:19:25.328Z,http://localhost:3000/login,200,82162
2024-03-28T18:19:25.328Z,http://localhost:3000/login,200,82196
2024-03-28T18:19:25.329Z,http://localhost:3000/login,200,82199
2024-03-28T18:19:25.329Z,http://localhost:3000/login,200,82204
2024-03-28T18:19:25.329Z,http://localhost:3000/login,200,82227
2024-03-28T18:19:25.330Z,http://localhost:3000/login,200,82300
2024-03-28T18:19:25.330Z,http://localhost:3000/login,200,82332
2024-03-28T18:19:25.331Z,http://localhost:3000/login,200,82334
2024-03-28T18:19:25.331Z,http://localhost:3000/login,200,82349
2024-03-28T18:19:25.331Z,http://localhost:3000/login,200,82356
2024-03-28T18:19:25.331Z,http://localhost:3000/login,200,82438
2024-03-28T18:19:25.332Z,http://localhost:3000/login,200,82474
2024-03-28T18:19:25.332Z,http://localhost:3000/login,200,82477
2024-03-28T18:19:25.332Z,http://localhost:3000/login,200,82492
2024-03-28T18:19:25.332Z,http://localhost:3000/login,200,82496
2024-03-28T18:19:25.333Z,http://localhost:3000/login,200,82572
2024-03-28T18:19:25.333Z,http://localhost:3000/login,200,82608
2024-03-28T18:19:25.333Z,http://localhost:3000/login,200,82619
2024-03-28T18:19:25.333Z,http://localhost:3000/login,200,82630
2024-03-28T18:19:25.334Z,http://localhost:3000/login,200,82636
2024-03-28T18:19:25.334Z,http://localhost:3000/login,200,82707
2024-03-28T18:19:25.334Z,http://localhost:3000/login,200,82745
2024-03-28T18:19:25.334Z,http://localhost:3000/login,200,82755
2024-03-28T18:19:25.334Z,http://localhost:3000/login,200,82762
2024-03-28T18:19:25.335Z,http://localhost:3000/login,200,82771
2024-03-28T18:19:25.335Z,http://localhost:3000/login,200,82841
2024-03-28T18:19:25.335Z,http://localhost:3000/login,200,82893
2024-03-28T18:19:25.335Z,http://localhost:3000/login,200,82898
2024-03-28T18:19:25.336Z,http://localhost:3000/login,200,82903
2024-03-28T18:19:25.336Z,http://localhost:3000/login,200,82911
2024-03-28T18:19:25.336Z,http://localhost:3000/login,200,82983
2024-03-28T18:19:25.336Z,http://localhost:3000/login,200,83035
2024-03-28T18:19:25.337Z,http://localhost:3000/login,200,83037
2024-03-28T18:19:25.336Z,http://localhost:3000/login,200,83042
2024-03-28T18:19:25.337Z,http://localhost:3000/login,200,83048
2024-03-28T18:19:25.337Z,http://localhost:3000/login,200,83116
2024-03-28T18:19:25.338Z,http://localhost:3000/login,200,83171
2024-03-28T18:19:25.337Z,http://localhost:3000/login,200,83177
2024-03-28T18:19:25.338Z,http://localhost:3000/login,200,83180
2024-03-28T18:19:25.338Z,http://localhost:3000/login,200,83184
2024-03-28T18:19:25.338Z,http://localhost:3000/login,200,83252
2024-03-28T18:19:25.338Z,http://localhost:3000/login,200,83308
2024-03-28T18:19:25.339Z,http://localhost:3000/login,200,83319
2024-03-28T18:19:25.339Z,http://localhost:3000/login,200,83321
2024-03-28T18:19:25.339Z,http://localhost:3000/login,200,83349
2024-03-28T18:19:25.340Z,http://localhost:3000/login,200,83384
2024-03-28T18:19:25.340Z,http://localhost:3000/login,200,83437
2024-03-28T18:19:25.339Z,http://localhost:3000/login,200,83455
2024-03-28T18:19:25.340Z,http://localhost:3000/login,200,83458
2024-03-28T18:19:25.340Z,http://localhost:3000/login,200,83469
2024-03-28T18:19:25.341Z,http://localhost:3000/login,200,83516
2024-03-28T18:19:25.341Z,http://localhost:3000/login,200,83582
2024-03-28T18:19:25.341Z,http://localhost:3000/login,200,83595
2024-03-28T18:19:25.341Z,http://localhost:3000/login,200,83602
2024-03-28T18:19:25.342Z,http://localhost:3000/login,200,83610
2024-03-28T18:19:25.342Z,http://localhost:3000/login,200,83649
2024-03-28T18:19:25.342Z,http://localhost:3000/login,200,83718
2024-03-28T18:19:25.343Z,http://localhost:3000/login,200,83734
2024-03-28T18:19:25.342Z,http://localhost:3000/login,200,83743
2024-03-28T18:19:25.343Z,http://localhost:3000/login,200,83749
2024-03-28T18:19:25.343Z,http://localhost:3000/login,200,83780
2024-03-28T18:19:25.343Z,http://localhost:3000/login,200,83847
2024-03-28T18:19:25.343Z,http://localhost:3000/login,200,83871
2024-03-28T18:19:25.344Z,http://localhost:3000/login,200,83878
2024-03-28T18:19:25.344Z,http://localhost:3000/login,200,83885
2024-03-28T18:19:25.344Z,http://localhost:3000/login,200,83915
2024-03-28T18:19:25.345Z,http://localhost:3000/login,200,83981
2024-03-28T18:19:25.344Z,http://localhost:3000/login,200,84014
2024-03-28T18:19:25.345Z,http://localhost:3000/login,200,84017
2024-03-28T18:19:25.345Z,http://localhost:3000/login,200,84020
2024-03-28T18:19:25.345Z,http://localhost:3000/login,200,84048
2024-03-28T18:19:25.345Z,http://localhost:3000/login,200,84113
2024-03-28T18:19:25.346Z,http://localhost:3000/login,200,84154
2024-03-28T18:19:25.346Z,http://localhost:3000/login,200,84159
2024-03-28T18:19:25.346Z,http://localhost:3000/login,200,84163
2024-03-28T18:19:25.346Z,http://localhost:3000/login,200,84177
2024-03-28T18:19:25.348Z,http://localhost:3000/login,200,84244
2024-03-28T18:19:25.347Z,http://localhost:3000/login,200,84288
2024-03-28T18:19:25.347Z,http://localhost:3000/login,200,84294
2024-03-28T18:19:25.348Z,http://localhost:3000/login,200,84298
2024-03-28T18:19:25.349Z,http://localhost:3000/login,200,84309
2024-03-28T18:19:25.349Z,http://localhost:3000/login,200,84377
2024-03-28T18:19:25.350Z,http://localhost:3000/login,200,84421
2024-03-28T18:19:25.349Z,http://localhost:3000/login,200,84441
2024-03-28T18:19:25.350Z,http://localhost:3000/login,200,84445
2024-03-28T18:19:25.351Z,http://localhost:3000/login,200,84452
2024-03-28T18:19:25.351Z,http://localhost:3000/login,200,84520
2024-03-28T18:19:25.351Z,http://localhost:3000/login,200,84561
2024-03-28T18:19:25.352Z,http://localhost:3000/login,200,84577
2024-03-28T18:19:25.352Z,http://localhost:3000/login,200,84584
2024-03-28T18:19:25.352Z,http://localhost:3000/login,200,84588
2024-03-28T18:19:25.352Z,http://localhost:3000/login,200,84653
2024-03-28T18:19:25.353Z,http://localhost:3000/login,200,84696
2024-03-28T18:19:25.354Z,http://localhost:3000/login,200,84724
2024-03-28T18:19:25.353Z,http://localhost:3000/login,200,84733
2024-03-28T18:19:25.354Z,http://localhost:3000/login,200,84736
2024-03-28T18:19:25.354Z,http://localhost:3000/login,200,84782
2024-03-28T18:19:25.355Z,http://localhost:3000/login,200,84834
2024-03-28T18:19:25.355Z,http://localhost:3000/login,200,84864
2024-03-28T18:19:25.355Z,http://localhost:3000/login,200,84868
2024-03-28T18:19:25.356Z,http://localhost:3000/login,200,84869
2024-03-28T18:19:25.356Z,http://localhost:3000/login,200,84920
2024-03-28T18:19:25.356Z,http://localhost:3000/login,200,84966
2024-03-28T18:19:25.357Z,http://localhost:3000/login,200,85002
2024-03-28T18:19:25.357Z,http://localhost:3000/login,200,85008
2024-03-28T18:19:25.358Z,http://localhost:3000/login,200,85011
2024-03-28T18:19:25.357Z,http://localhost:3000/login,200,85050
2024-03-28T18:19:25.358Z,http://localhost:3000/login,200,85103
2024-03-28T18:19:25.359Z,http://localhost:3000/login,200,85134
2024-03-28T18:19:25.359Z,http://localhost:3000/login,200,85138
2024-03-28T18:19:25.359Z,http://localhost:3000/login,200,85147
2024-03-28T18:19:25.360Z,http://localhost:3000/login,200,85182
2024-03-28T18:19:25.360Z,http://localhost:3000/login,200,85330
2024-03-28T18:19:25.364Z,http://localhost:3000/login,200,85329
2024-03-28T18:19:25.363Z,http://localhost:3000/login,200,85337
2024-03-28T18:19:25.360Z,http://localhost:3000/login,200,85344
2024-03-28T18:19:25.364Z,http://localhost:3000/login,200,85344
2024-03-28T18:19:25.364Z,http://localhost:3000/login,200,85458
2024-03-28T18:19:25.365Z,http://localhost:3000/login,200,85461
2024-03-28T18:19:25.364Z,http://localhost:3000/login,200,85469
2024-03-28T18:19:25.365Z,http://localhost:3000/login,200,85471
2024-03-28T18:19:25.365Z,http://localhost:3000/login,200,85475
2024-03-28T18:19:25.365Z,http://localhost:3000/login,200,85593
2024-03-28T18:19:25.365Z,http://localhost:3000/login,200,85605
2024-03-28T18:19:25.366Z,http://localhost:3000/login,200,85606
2024-03-28T18:19:25.365Z,http://localhost:3000/login,200,85610
2024-03-28T18:19:25.366Z,http://localhost:3000/login,200,85613
2024-03-28T18:19:25.366Z,http://localhost:3000/login,200,85831
2024-03-28T18:19:25.366Z,http://localhost:3000/login,200,85835
2024-03-28T18:19:25.366Z,http://localhost:3000/login,200,85838
2024-03-28T18:19:25.366Z,http://localhost:3000/login,200,85841
2024-03-28T18:19:25.367Z,http://localhost:3000/login,200,85843
2024-03-28T18:19:25.367Z,http://localhost:3000/login,200,86118
2024-03-28T18:19:25.367Z,http://localhost:3000/login,200,86121
2024-03-28T18:19:25.367Z,http://localhost:3000/login,200,86124
2024-03-28T18:19:25.368Z,http://localhost:3000/login,200,86130
2024-03-28T18:19:25.367Z,http://localhost:3000/login,200,86135
2024-03-28T18:19:25.368Z,http://localhost:3000/login,200,86247
2024-03-28T18:19:25.368Z,http://localhost:3000/login,200,86262
2024-03-28T18:19:25.368Z,http://localhost:3000/login,200,86267
2024-03-28T18:19:25.368Z,http://localhost:3000/login,200,86270
2024-03-28T18:19:25.368Z,http://localhost:3000/login,200,86273
2024-03-28T18:19:25.369Z,http://localhost:3000/login,200,86447
2024-03-28T18:19:25.369Z,http://localhost:3000/login,200,86451
2024-03-28T18:19:25.369Z,http://localhost:3000/login,200,86454
2024-03-28T18:19:25.369Z,http://localhost:3000/login,200,86457
2024-03-28T18:19:25.369Z,http://localhost:3000/login,200,86462
2024-03-28T18:19:25.369Z,http://localhost:3000/login,200,86654
2024-03-28T18:19:25.370Z,http://localhost:3000/login,200,86656
2024-03-28T18:19:25.370Z,http://localhost:3000/login,200,86661
2024-03-28T18:19:25.370Z,http://localhost:3000/login,200,86665
2024-03-28T18:19:25.370Z,http://localhost:3000/login,200,86669
2024-03-28T18:19:25.370Z,http://localhost:3000/login,200,86853
2024-03-28T18:19:25.370Z,http://localhost:3000/login,200,86856
2024-03-28T18:19:25.371Z,http://localhost:3000/login,200,86859
2024-03-28T18:19:25.370Z,http://localhost:3000/login,200,86865
2024-03-28T18:19:25.371Z,http://localhost:3000/login,200,86867
2024-03-28T18:19:25.371Z,http://localhost:3000/login,200,86993
2024-03-28T18:19:25.371Z,http://localhost:3000/login,200,86997
2024-03-28T18:19:25.371Z,http://localhost:3000/login,200,87000
2024-03-28T18:19:25.371Z,http://localhost:3000/login,200,87004
2024-03-28T18:19:25.372Z,http://localhost:3000/login,200,87010
2024-03-28T18:19:25.372Z,http://localhost:3000/login,200,87169
2024-03-28T18:19:25.372Z,http://localhost:3000/login,200,87174
2024-03-28T18:19:25.372Z,http://localhost:3000/login,200,87178
2024-03-28T18:19:25.372Z,http://localhost:3000/login,200,87180
2024-03-28T18:19:25.372Z,http://localhost:3000/login,200,87184
2024-03-28T18:19:25.373Z,http://localhost:3000/login,200,87362
2024-03-28T18:19:25.373Z,http://localhost:3000/login,200,87365
2024-03-28T18:19:25.373Z,http://localhost:3000/login,200,87368
2024-03-28T18:19:25.373Z,http://localhost:3000/login,200,87371
2024-03-28T18:19:25.373Z,http://localhost:3000/login,200,87375
2024-03-28T18:19:25.373Z,http://localhost:3000/login,200,87672
2024-03-28T18:19:25.373Z,http://localhost:3000/login,200,87675
2024-03-28T18:19:25.374Z,http://localhost:3000/login,200,87678
2024-03-28T18:19:25.374Z,http://localhost:3000/login,200,87682
2024-03-28T18:19:25.374Z,http://localhost:3000/login,200,87685
2024-03-28T18:19:25.374Z,http://localhost:3000/login,200,87981
2024-03-28T18:19:25.374Z,http://localhost:3000/login,200,87984
2024-03-28T18:19:25.374Z,http://localhost:3000/login,200,87987
2024-03-28T18:19:25.375Z,http://localhost:3000/login,200,87989
2024-03-28T18:19:25.375Z,http://localhost:3000/login,200,87993
2024-03-28T18:19:25.375Z,http://localhost:3000/login,200,88297
2024-03-28T18:19:25.375Z,http://localhost:3000/login,200,88300
2024-03-28T18:19:25.375Z,http://localhost:3000/login,200,88303
2024-03-28T18:19:25.375Z,http://localhost:3000/login,200,88306
2024-03-28T18:19:25.376Z,http://localhost:3000/login,200,88310
2024-03-28T18:19:25.376Z,http://localhost:3000/login,200,88495
2024-03-28T18:19:25.376Z,http://localhost:3000/login,200,88500
2024-03-28T18:19:25.376Z,http://localhost:3000/login,200,88505
2024-03-28T18:19:25.376Z,http://localhost:3000/login,200,88512
2024-03-28T18:19:25.377Z,http://localhost:3000/login,200,88517
2024-03-28T18:19:25.377Z,http://localhost:3000/login,200,88628
2024-03-28T18:19:25.377Z,http://localhost:3000/login,200,88631
2024-03-28T18:19:25.377Z,http://localhost:3000/login,200,88642
2024-03-28T18:19:25.377Z,http://localhost:3000/login,200,88645
2024-03-28T18:19:25.377Z,http://localhost:3000/login,200,88649
2024-03-28T18:19:25.378Z,http://localhost:3000/login,200,88752
2024-03-28T18:19:25.378Z,http://localhost:3000/login,200,88761
2024-03-28T18:19:25.378Z,http://localhost:3000/login,200,88776
2024-03-28T18:19:25.378Z,http://localhost:3000/login,200,88792
2024-03-28T18:19:25.378Z,http://localhost:3000/login,200,88796
2024-03-28T18:19:25.379Z,http://localhost:3000/login,200,88900
2024-03-28T18:19:25.379Z,http://localhost:3000/login,200,88903
2024-03-28T18:19:25.379Z,http://localhost:3000/login,200,88908
2024-03-28T18:19:25.380Z,http://localhost:3000/login,200,88944
2024-03-28T18:19:25.380Z,http://localhost:3000/login,200,88948
2024-03-28T18:19:25.382Z,http://localhost:3000/login,200,89030
2024-03-28T18:19:25.381Z,http://localhost:3000/login,200,89035
2024-03-28T18:19:25.383Z,http://localhost:3000/login,200,89041
2024-03-28T18:19:25.382Z,http://localhost:3000/login,200,89077
2024-03-28T18:19:25.383Z,http://localhost:3000/login,200,89092
2024-03-28T18:19:25.383Z,http://localhost:3000/login,200,89169
2024-03-28T18:19:25.384Z,http://localhost:3000/login,200,89172
2024-03-28T18:19:25.383Z,http://localhost:3000/login,200,89180
2024-03-28T18:19:25.384Z,http://localhost:3000/login,200,89237
2024-03-28T18:19:25.384Z,http://localhost:3000/login,200,89243
2024-03-28T18:19:25.384Z,http://localhost:3000/login,200,89305
2024-03-28T18:19:25.385Z,http://localhost:3000/login,200,89307
2024-03-28T18:19:25.384Z,http://localhost:3000/login,200,89320
2024-03-28T18:19:25.385Z,http://localhost:3000/login,200,89357
2024-03-28T18:19:25.385Z,http://localhost:3000/login,200,89387
2024-03-28T18:19:25.385Z,http://localhost:3000/login,200,89448
2024-03-28T18:19:25.385Z,http://localhost:3000/login,200,89454
2024-03-28T18:19:25.386Z,http://localhost:3000/login,200,89460
2024-03-28T18:19:25.386Z,http://localhost:3000/login,200,89504
2024-03-28T18:19:25.386Z,http://localhost:3000/login,200,89522
2024-03-28T18:19:25.386Z,http://localhost:3000/login,200,89576
2024-03-28T18:19:25.386Z,http://localhost:3000/login,200,89585
2024-03-28T18:19:25.386Z,http://localhost:3000/login,200,89603
2024-03-28T18:19:25.387Z,http://localhost:3000/login,200,89640
2024-03-28T18:19:25.387Z,http://localhost:3000/login,200,89668
2024-03-28T18:19:25.387Z,http://localhost:3000/login,200,89706
2024-03-28T18:19:25.387Z,http://localhost:3000/login,200,89717
2024-03-28T18:19:25.387Z,http://localhost:3000/login,200,89737
2024-03-28T18:19:25.387Z,http://localhost:3000/login,200,89784
2024-03-28T18:19:25.388Z,http://localhost:3000/login,200,89803
2024-03-28T18:19:25.388Z,http://localhost:3000/login,200,89843
2024-03-28T18:19:25.388Z,http://localhost:3000/login,200,89849
2024-03-28T18:19:25.388Z,http://localhost:3000/login,200,89870
2024-03-28T18:19:25.389Z,http://localhost:3000/login,200,89918
2024-03-28T18:19:25.388Z,http://localhost:3000/login,200,89941
2024-03-28T18:19:25.388Z,http://localhost:3000/login,200,89975
2024-03-28T18:19:25.389Z,http://localhost:3000/login,200,89986
2024-03-28T18:19:25.394Z,http://localhost:3000/login,200,90006
2024-03-28T18:19:25.393Z,http://localhost:3000/login,200,90052
2024-03-28T18:19:25.395Z,http://localhost:3000/login,200,90077
2024-03-28T18:19:25.395Z,http://localhost:3000/login,200,90101
2024-03-28T18:19:25.396Z,http://localhost:3000/login,200,90111
2024-03-28T18:19:25.397Z,http://localhost:3000/login,200,90146
2024-03-28T18:19:25.396Z,http://localhost:3000/login,200,90194
2024-03-28T18:19:25.397Z,http://localhost:3000/login,200,90210
2024-03-28T18:19:25.398Z,http://localhost:3000/login,200,90254
2024-03-28T18:19:25.398Z,http://localhost:3000/login,200,90259
2024-03-28T18:19:25.399Z,http://localhost:3000/login,200,90284
2024-03-28T18:19:25.399Z,http://localhost:3000/login,200,90338
2024-03-28T18:19:25.400Z,http://localhost:3000/login,200,90347
2024-03-28T18:19:25.400Z,http://localhost:3000/login,200,90380
2024-03-28T18:19:25.401Z,http://localhost:3000/login,200,90387
2024-03-28T18:19:25.402Z,http://localhost:3000/login,200,90420
2024-03-28T18:19:25.401Z,http://localhost:3000/login,200,90471
2024-03-28T18:19:25.402Z,http://localhost:3000/login,200,90487
2024-03-28T18:19:25.403Z,http://localhost:3000/login,200,90509
2024-03-28T18:19:25.403Z,http://localhost:3000/login,200,90523
2024-03-28T18:19:25.404Z,http://localhost:3000/login,200,90561
2024-03-28T18:19:25.408Z,http://localhost:3000/login,200,90607
2024-03-28T18:19:25.409Z,http://localhost:3000/login,200,90615
2024-03-28T18:19:25.409Z,http://localhost:3000/login,200,90634
2024-03-28T18:19:25.410Z,http://localhost:3000/login,200,90648
2024-03-28T18:19:25.410Z,http://localhost:3000/login,200,90704
2024-03-28T18:19:25.411Z,http://localhost:3000/login,200,90751
2024-03-28T18:19:25.411Z,http://localhost:3000/login,200,90758
2024-03-28T18:19:25.411Z,http://localhost:3000/login,200,90762
2024-03-28T18:19:25.411Z,http://localhost:3000/login,200,90780
2024-03-28T18:19:25.412Z,http://localhost:3000/login,200,90847
2024-03-28T18:19:25.412Z,http://localhost:3000/login,200,90904
2024-03-28T18:19:25.413Z,http://localhost:3000/login,200,90906
2024-03-28T18:19:25.412Z,http://localhost:3000/login,200,90910
2024-03-28T18:19:25.413Z,http://localhost:3000/login,200,90913
2024-03-28T18:19:25.413Z,http://localhost:3000/login,200,90975
2024-03-28T18:19:25.414Z,http://localhost:3000/login,200,91043
2024-03-28T18:19:25.414Z,http://localhost:3000/login,200,91046
2024-03-28T18:19:25.415Z,http://localhost:3000/login,200,91048
2024-03-28T18:19:25.414Z,http://localhost:3000/login,200,91054
2024-03-28T18:19:25.415Z,http://localhost:3000/login,200,91118
2024-03-28T18:19:25.415Z,http://localhost:3000/login,200,91174
2024-03-28T18:19:25.416Z,http://localhost:3000/login,200,91176
2024-03-28T18:19:25.415Z,http://localhost:3000/login,200,91186
2024-03-28T18:19:25.416Z,http://localhost:3000/login,200,91189
2024-03-28T18:19:25.416Z,http://localhost:3000/login,200,91256
2024-03-28T18:19:25.417Z,http://localhost:3000/login,200,91317
2024-03-28T18:19:25.417Z,http://localhost:3000/login,200,91323
2024-03-28T18:19:25.417Z,http://localhost:3000/login,200,91326
2024-03-28T18:19:25.417Z,http://localhost:3000/login,200,91333
2024-03-28T18:19:25.418Z,http://localhost:3000/login,200,91390
2024-03-28T18:19:25.418Z,http://localhost:3000/login,200,91462
2024-03-28T18:19:25.418Z,http://localhost:3000/login,200,91469
2024-03-28T18:19:25.418Z,http://localhost:3000/login,200,91473
2024-03-28T18:19:25.419Z,http://localhost:3000/login,200,91477
2024-03-28T18:19:25.418Z,http://localhost:3000/login,200,91546
2024-03-28T18:19:25.419Z,http://localhost:3000/login,200,91591
2024-03-28T18:19:25.419Z,http://localhost:3000/login,200,91603
2024-03-28T18:19:25.419Z,http://localhost:3000/login,200,91651
2024-03-28T18:19:25.419Z,http://localhost:3000/login,200,91653
2024-03-28T18:19:25.420Z,http://localhost:3000/login,200,91681
2024-03-28T18:19:25.420Z,http://localhost:3000/login,200,91733
2024-03-28T18:19:25.420Z,http://localhost:3000/login,200,91740
2024-03-28T18:19:25.421Z,http://localhost:3000/login,200,91794
2024-03-28T18:19:25.420Z,http://localhost:3000/login,200,91801
2024-03-28T18:19:25.421Z,http://localhost:3000/login,200,91829
2024-03-28T18:19:25.421Z,http://localhost:3000/login,200,91888
2024-03-28T18:19:25.421Z,http://localhost:3000/login,200,91891
2024-03-28T18:19:25.421Z,http://localhost:3000/login,200,91938
2024-03-28T18:19:25.422Z,http://localhost:3000/login,200,91940
2024-03-28T18:19:25.422Z,http://localhost:3000/login,200,91969
2024-03-28T18:19:25.422Z,http://localhost:3000/login,200,92023
2024-03-28T18:19:25.423Z,http://localhost:3000/login,200,92029
2024-03-28T18:19:25.422Z,http://localhost:3000/login,200,92081
2024-03-28T18:19:25.423Z,http://localhost:3000/login,200,92085
2024-03-28T18:19:25.424Z,http://localhost:3000/login,200,92132
2024-03-28T18:19:25.423Z,http://localhost:3000/login,200,92157
2024-03-28T18:19:25.424Z,http://localhost:3000/login,200,92160
2024-03-28T18:19:25.424Z,http://localhost:3000/login,200,92222
2024-03-28T18:19:25.425Z,http://localhost:3000/login,200,92226
2024-03-28T18:19:25.425Z,http://localhost:3000/login,200,92267
2024-03-28T18:19:25.426Z,http://localhost:3000/login,200,92284
2024-03-28T18:19:25.426Z,http://localhost:3000/login,200,92295
2024-03-28T18:19:25.427Z,http://localhost:3000/login,200,92360
2024-03-28T18:19:25.427Z,http://localhost:3000/login,200,92362
2024-03-28T18:19:25.427Z,http://localhost:3000/login,200,92411
2024-03-28T18:19:25.428Z,http://localhost:3000/login,200,92432
2024-03-28T18:19:25.428Z,http://localhost:3000/login,200,92438
2024-03-28T18:19:25.428Z,http://localhost:3000/login,200,92498
2024-03-28T18:19:25.429Z,http://localhost:3000/login,200,92501
2024-03-28T18:19:25.429Z,http://localhost:3000/login,200,92545
2024-03-28T18:19:25.429Z,http://localhost:3000/login,200,92567
2024-03-28T18:19:25.430Z,http://localhost:3000/login,200,92568
2024-03-28T18:19:25.430Z,http://localhost:3000/login,200,92634
2024-03-28T18:19:25.431Z,http://localhost:3000/login,200,92646
2024-03-28T18:19:25.431Z,http://localhost:3000/login,200,92692
2024-03-28T18:19:25.431Z,http://localhost:3000/login,200,92695
2024-03-28T18:19:25.432Z,http://localhost:3000/login,200,92703
2024-03-28T18:19:25.432Z,http://localhost:3000/login,200,92793
2024-03-28T18:19:25.432Z,http://localhost:3000/login,200,92796
2024-03-28T18:19:25.433Z,http://localhost:3000/login,200,92839
2024-03-28T18:19:25.433Z,http://localhost:3000/login,200,92842
2024-03-28T18:19:25.432Z,http://localhost:3000/login,200,92847
2024-03-28T18:19:25.433Z,http://localhost:3000/login,200,92933
2024-03-28T18:19:25.433Z,http://localhost:3000/login,200,92938
2024-03-28T18:19:25.434Z,http://localhost:3000/login,200,92970
2024-03-28T18:19:25.434Z,http://localhost:3000/login,200,92973
2024-03-28T18:19:25.434Z,http://localhost:3000/login,200,92992
2024-03-28T18:19:25.434Z,http://localhost:3000/login,200,93086
2024-03-28T18:19:25.435Z,http://localhost:3000/login,200,93089
2024-03-28T18:19:25.435Z,http://localhost:3000/login,200,93097
2024-03-28T18:19:25.435Z,http://localhost:3000/login,200,93104
2024-03-28T18:19:25.436Z,http://localhost:3000/login,200,93138
2024-03-28T18:19:25.437Z,http://localhost:3000/login,200,93340
2024-03-28T18:19:25.436Z,http://localhost:3000/login,200,93345
2024-03-28T18:19:25.437Z,http://localhost:3000/login,200,93349
2024-03-28T18:19:25.438Z,http://localhost:3000/login,200,93352
2024-03-28T18:19:25.438Z,http://localhost:3000/login,200,93357
2024-03-28T18:19:25.438Z,http://localhost:3000/login,200,93470
2024-03-28T18:19:25.440Z,http://localhost:3000/login,200,93482
2024-03-28T18:19:25.440Z,http://localhost:3000/login,200,93484
2024-03-28T18:19:25.440Z,http://localhost:3000/login,200,93488
2024-03-28T18:19:25.442Z,http://localhost:3000/login,200,93489
2024-03-28T18:19:25.441Z,http://localhost:3000/login,200,93600
2024-03-28T18:19:25.442Z,http://localhost:3000/login,200,93618
2024-03-28T18:19:25.442Z,http://localhost:3000/login,200,93621
2024-03-28T18:19:25.442Z,http://localhost:3000/login,200,93637
2024-03-28T18:19:25.443Z,http://localhost:3000/login,200,93661
2024-03-28T18:19:25.443Z,http://localhost:3000/login,200,93740
2024-03-28T18:19:25.442Z,http://localhost:3000/login,200,93752
2024-03-28T18:19:25.443Z,http://localhost:3000/login,200,93759
2024-03-28T18:19:25.443Z,http://localhost:3000/login,200,93780
2024-03-28T18:19:25.443Z,http://localhost:3000/login,200,93795
2024-03-28T18:19:25.444Z,http://localhost:3000/login,200,93891
2024-03-28T18:19:25.444Z,http://localhost:3000/login,200,93894
2024-03-28T18:19:25.444Z,http://localhost:3000/login,200,93897
2024-03-28T18:19:25.444Z,http://localhost:3000/login,200,93919
2024-03-28T18:19:25.445Z,http://localhost:3000/login,200,93929
2024-03-28T18:19:25.445Z,http://localhost:3000/login,200,94081
2024-03-28T18:19:25.444Z,http://localhost:3000/login,200,94085
2024-03-28T18:19:25.445Z,http://localhost:3000/login,200,94088
2024-03-28T18:19:25.445Z,http://localhost:3000/login,200,94092
2024-03-28T18:19:25.446Z,http://localhost:3000/login,200,94094
2024-03-28T18:19:25.446Z,http://localhost:3000/login,200,94214
2024-03-28T18:19:25.446Z,http://localhost:3000/login,200,94216
2024-03-28T18:19:25.446Z,http://localhost:3000/login,200,94228
2024-03-28T18:19:25.446Z,http://localhost:3000/login,200,94230
2024-03-28T18:19:25.447Z,http://localhost:3000/login,200,94231